{"cameraMode":{"drawMode":0,"name":"Shaded","section":"Shading Mode"},"sceneLighting":false,"audioPlay":false,"sceneViewState":{"showFog":true,"showMaterialUpdate":false,"showSkybox":false,"showFlares":true,"showImageEffects":true,"showParticleSystems":true},"in2DMode":false,"pivot":{"x":-0.11038494110107422,"y":0.3948933184146881,"z":-0.6152317523956299},"rotation":{"x":0.09966918081045151,"y":-0.4390002191066742,"z":0.04905210807919502,"w":0.8916522860527039},"size":4.542452812194824,"orthographic":false}