{"cameraMode":{"drawMode":0,"name":"Shaded","section":"Shading Mode"},"sceneLighting":true,"audioPlay":false,"sceneViewState":{"showFog":true,"showMaterialUpdate":false,"showSkybox":true,"showFlares":true,"showImageEffects":true,"showParticleSystems":true},"in2DMode":false,"pivot":{"x":2.819399118423462,"y":-0.4424476623535156,"z":3.2680749893188478},"rotation":{"x":0.24839885532855988,"y":0.3658619225025177,"z":-0.10213199257850647,"w":0.8914841413497925},"size":3.6803808212280275,"orthographic":false}